,Feature name,Decision Tree,XGBoost
4,power,0.4491969665091639,0.4531183667541501
3,year,0.22092630651528272,0.2573080924825145
1,mileage,0.12057328709044303,0.09453595972182169
2,engine_size,0.024680949876560547,0.04674851254899988
1243,x12_Tak,0.017144838552528907,0.01680287690890577
897,x4_SF90 Stradale,0.0144334903753056,0.003839490350532415
273,x4_Aventador,0.012455066904779941,0.0034902169388966106
1248,x17_Tak,0.01113423163051695,0.00795871532282781
210,x4_911,0.010344114112213365,0.007749175874434584
651,x4_Klasa G,0.007062718888867011,0.005371155370705023
31,x3_Ferrari,0.0067214320582416704,0.014814596272474112
0,x0_Manualna,0.0050711366813094684,0.0165736060573496
46,x3_Lamborghini,0.004897506931300116,0.010517307012908404
60,x3_Mercedes-Benz,0.004689364405338243,0.0028775516543731935
16,x3_Bentley,0.004513799303568733,0.002654209583548966
1177,x6_Na przednie koła,0.004388037901148836,0.01940092652058573
1181,x7_Kabriolet,0.0041217859677365664,0.0003288813316444743
71,x3_Porsche,0.003415343574788446,0.0053683989219832145
653,x4_Klasa S,0.003111898239350343,0.0011657871220148719
1068,x4_Vanquish,0.002461486163215911,0.004529090785625255
1171,x5_Diesel,0.0022142818330841973,0.0031321393090763825
361,x4_California,0.0021631991492695813,0.0014080175642285902
1185,x7_SUV,0.0020758863746609393,0.0016851828424158993
1228,x10_Polska,0.001719953194273578,0.0043579559509188725
195,x4_720S Coupe,0.00167620855060713,0.0
5,x0_Osoby prywatnej,0.0016092785310549984,2.6201143747615563e-06
1244,x13_Tak,0.0016050166753709425,0.0026482119931460586
1184,x7_Minivan,0.0014316379737920816,0.0
1176,x6_4x4 (stały),0.0013501123005307707,0.0004829604610515909
1186,x7_Sedan,0.0011348386843383217,0.0
1180,x7_Coupe,0.001119686722480828,0.0
19,x3_Cadillac,0.0011046877271251236,0.0
377,x4_Cayenne,0.0010968995085808258,0.0
33,x3_Ford,0.001074761153872486,0.0
1191,x8_Czarny,0.0010636821899191596,3.257803943768472e-06
1112,x4_XB7,0.001056528247171669,0.00061027293273771
14,x3_BMW,0.0009904974285922694,9.461156676841736e-05
548,x4_GLE,0.0009591555785067194,0.00018327796871580007
1251,x20_Tak,0.0009401504927285206,0.00046773863200964426
456,x4_Diablo,0.0009098336299630632,0.0
901,x4_SLS,0.0009069191693039662,0.0007255782320675902
860,x4_Range Rover,0.0008607952163200154,6.375282313909104e-05
12,x3_Audi,0.0008126737861636285,0.00013816231491346664
1178,x6_Na tylne koła,0.0008119324897617429,7.918963039712658e-05
1196,x8_Niebieski,0.0008095286249664293,1.8763073536979074e-05
6,x2_Tak,0.000765621493226501,9.168972725103703e-06
655,x4_Klasa V,0.0007484843125638228,0.000882055906223711
1107,x4_X5,0.0007465277722543629,9.198796157000392e-05
617,x4_Inny,0.0007340823723264047,0.0
1173,x5_Hybryda,0.0007247084427727013,0.0004291544812357982
1203,x9_Metalik,0.0006828973913382287,0.0
1199,x8_Szary,0.0006587153527549981,0.00011611612073938183
1246,x15_Tak,0.0006390389549673578,1.5350739459556857e-05
230,x4_AMG GT,0.0005591507005449328,0.0007354774297170445
1247,x16_Tak,0.000535269179616034,0.0
1187,x8_Biały,0.0005232527736968027,4.623347001622589e-05
1193,x8_Fioletowy,0.0004974863919038205,7.514495871865237e-06
48,x3_Land Rover,0.0004822783116683632,0.00042868918567166007
746,x4_Multivan,0.00047163989535847686,0.00042591652484726497
1242,x11_Używane,0.00046138123229731064,6.052227629300612e-05
11,x3_Aston Martin,0.00045887463159679663,0.0007521074861348297
224,x4_A6,0.00045714854421277635,0.0
673,x4_Land Cruiser,0.00045099081698519035,0.0
1231,x10_Stany Zjednoczone,0.00041462786597771796,0.0002884998615538254
472,x4_EQS,0.0004095466544839785,0.00027998513150174364
1182,x7_Kombi,0.00040275746854033924,0.0
1116,x4_XC 90,0.0004004565006224934,0.0
1220,x10_Japonia,0.00040018763514205536,0.0
668,x4_LX,0.0003903696732321763,0.0
1110,x4_X6 M,0.00038668824793635737,0.0
87,x3_Tesla,0.00038377642880552007,0.0
1200,x8_Zielony,0.000374280534486142,0.0
1204,x9_Perłowy,0.0003733136300919389,0.0
940,x4_Seria 5,0.0003724712956749081,0.0
1163,x4_iX,0.00036572837289165566,4.794220662133283e-05
650,x4_Klasa E,0.00036063567143238375,0.0
1179,x7_Auta miejskie,0.0003589419737734823,0.0
49,x3_Lexus,0.0003541666838723485,0.0
293,x4_Bentayga,0.0003503451025512461,3.276800498652699e-05
1123,x4_XK,0.00034653936855176347,0.0
451,x4_Defender,0.0003461689289547735,4.5704019732899025e-05
828,x4_Q8,0.00034035072843175416,0.00026559515756303183
412,x4_Corvette,0.0003381338026322989,0.0
863,x4_Range Rover Velar,0.00033152829367299384,0.0
44,x3_Kia,0.0003180502475145235,0.0
1226,x10_Niemcy,0.00031607623235078395,0.0
547,x4_GLC,0.00031576532123304117,0.0
898,x4_SL,0.00031443889923793173,0.0
943,x4_Seria 7,0.00030241433222181666,0.0
1183,x7_Kompakt,0.00029722960140651344,0.0
9,x3_Alfa Romeo,0.00028646452185139456,0.0
1195,x8_Inny kolor,0.0002844592550048699,0.0
1245,x14_Tak,0.0002836555587129481,0.0
1192,x8_Czerwony,0.00028302618810985855,0.0
937,x4_Seria 3,0.0002802651097849596,0.0
93,x3_Volkswagen,0.00027881073574721337,0.0
56,x3_Maserati,0.00026659438880551463,0.0001555107758448089
226,x4_A7,0.0002588617454441333,0.0
1175,x6_4x4 (dołączany ręcznie),0.000253042115888236,0.0
30,x3_Dodge,0.00024671265708983914,0.0002016034462614526
218,x4_A110,0.00024285588123559222,0.0
1160,x4_i8,0.00024265154672153662,2.4237322123184275e-05
1189,x8_Brązowy,0.00023051867860734052,0.0
1198,x8_Srebrny,0.0002242788332119241,0.0
1172,x5_Elektryczny,0.00021051401791494982,8.227272410910115e-05
430,x4_DB11,0.00019503932998347903,0.0
1111,x4_X7,0.0001873663149543516,6.552017489296714e-05
42,x3_Jaguar,0.00018422157314526235,0.0
1240,x10_Włochy,0.00018215454452636464,0.0
591,x4_H1,0.00017912923156880193,3.441679384489077e-05
88,x3_Toyota,0.00017887847186522158,0.0
74,x3_Rolls-Royce,0.0001764218296559667,0.0
94,x3_Volvo,0.00017457165794858423,0.0
851,x4_RS Q8,0.0001738787957595582,0.0
600,x4_Huracan,0.00016676552904981124,0.0
466,x4_E-Type,0.00016274551976906354,0.0
903,x4_SQ7,0.00015784678917398019,0.0
819,x4_Q3,0.00015676638671352285,0.0
945,x4_Seria 8,0.00015415152646374678,6.848154332359003e-05
702,x4_M5,0.00015385203266526852,0.0
1201,x8_Złoty,0.00015098263564988844,0.0
471,x4_EQE,0.0001482823226621806,0.0
79,x3_Skoda,0.00014572063642730336,0.0
229,x4_A8,0.00014524758822700908,0.0
550,x4_GLS,0.00014237866564091866,0.00018836563465384672
1158,x4_i4,0.00013195679683297807,0.0
386,x4_Cherokee,0.00012740472545561075,0.0
1079,x4_Viper,0.0001260496614239812,0.0
1109,x4_X6,0.00012576579650882026,0.0
1094,x4_Wrangler,0.00012446895491026358,0.0
43,x3_Jeep,0.00012193125875467775,0.0
383,x4_Challenger,0.00012162870020151414,8.38763447907417e-05
823,x4_Q5,0.00011978961019098119,0.0
1114,x4_XC 60,0.00011780177565731353,0.0
700,x4_M3,0.00011604589399193243,0.0
826,x4_Q7,0.00011152006964028136,0.0
344,x4_CLS,0.00010593484904663686,0.0
282,x4_B7,0.00010090672656192643,0.0
58,x3_Mazda,9.404620781931177e-05,0.0
59,x3_McLaren,9.367309552134192e-05,0.0010499545279184985
447,x4_Daily,9.277260947068978e-05,0.0
578,x4_Grand Cherokee,9.267288588491939e-05,0.0
841,x4_R8,8.74450746400802e-05,0.0
1202,x8_Żółty,8.57042260263213e-05,6.166344059761393e-05
1103,x4_X3,8.565385800759178e-05,0.0
68,x3_Peugeot,8.316166546731653e-05,0.0
788,x4_Patrol,8.26435155691298e-05,0.0
619,x4_Insignia,8.187453180562555e-05,0.0
257,x4_Arteon,8.18369743079781e-05,0.0
416,x4_Crafter,8.098648560928297e-05,0.0
39,x3_Infiniti,8.032307066766856e-05,0.0
984,x4_Superb,8.025991437265004e-05,0.0
67,x3_Opel,7.764731607342498e-05,0.0
1105,x4_X4,7.764395127691721e-05,0.0
38,x3_Hyundai,7.721718277721065e-05,0.0
862,x4_Range Rover Sport,7.37091389927656e-05,0.0
844,x4_RAV4,7.220983344359279e-05,0.0
369,x4_Caravelle,7.219903396530768e-05,0.0
649,x4_Klasa C,7.176946961871524e-05,0.0
1081,x4_Vito,6.896600573347354e-05,0.0
972,x4_Sprinter,6.865139388967453e-05,0.0
1065,x4_V90,6.765701218989378e-05,0.0
1108,x4_X5 M,6.599322069865342e-05,0.0
717,x4_Macan,6.544389354843082e-05,0.0
1119,x4_XF,6.533648274138677e-05,0.0
116,x4_1500,6.529045019583907e-05,0.0
597,x4_Highlander,6.497352318566015e-05,0.0
780,x4_Panamera,6.458541045425895e-05,0.0
24,x3_Cupra,6.310432029981464e-05,0.0
1042,x4_Transporter,6.298243603197053e-05,0.0
647,x4_Klasa A,5.970379494532874e-05,0.0
221,x4_A4,5.947212282201715e-05,0.0
404,x4_Continental GT,5.882576918157805e-05,0.0
853,x4_RS4,5.7703025744294764e-05,0.0
1050,x4_Tucson,5.570194707236348e-05,0.0
942,x4_Seria 6,5.505113401342677e-05,0.0
842,x4_RAM,5.50171491993992e-05,2.0464814521243102e-05
544,x4_GL,5.481466318266997e-05,0.0
464,x4_Duster,5.462099466504783e-05,0.0
354,x4_CX-60,5.153359275299581e-05,0.0
400,x4_Compass,5.0798567648502534e-05,0.0
835,x4_Qashqai,5.068469640300041e-05,0.0
857,x4_RX,5.017088699656242e-05,0.0
1194,x8_Granatowy,5.0065468319368145e-05,0.0
784,x4_Passat,5.0049515598009594e-05,0.0
1188,x8_Bordowy,4.7548034937836166e-05,0.0
223,x4_A5,4.739206607484782e-05,0.0
1027,x4_Touareg,4.6522807806153715e-05,0.0
457,x4_Discovery,4.646229071992188e-05,0.0
753,x4_NX,4.5956957415912994e-05,0.0
32,x3_Fiat,4.53913319294077e-05,0.0
938,x4_Seria 4,4.53335384427472e-05,0.0
1221,x10_Kanada,4.409449943058251e-05,0.0
1018,x4_Tiguan,4.405869397101658e-05,0.0
47,x3_Lancia,4.374106136213004e-05,0.0
63,x3_Mitsubishi,4.3520959227892426e-05,0.0
504,x4_F-Pace,4.324777888508515e-05,0.0
341,x4_CLA,4.313634930341282e-05,0.0
1170,x5_Benzyna+LPG,4.197265166306224e-05,0.0
1043,x4_Traveller,4.144843380497245e-05,0.0
749,x4_Mustang,4.103693032455755e-05,0.0004238836759338107
1213,x10_Francja,4.072440136926658e-05,0.0
998,x4_TT S,4.046370033508775e-05,0.0
545,x4_GLA,4.0198876175166874e-05,0.0
179,x4_508,3.9965055521369824e-05,0.0
1249,x18_Tak,3.986066653128074e-05,0.0
474,x4_ES,3.970553408308134e-05,0.0
571,x4_Golf,3.9670824053586766e-05,0.0
577,x4_Grand Caravan,3.825162245261247e-05,0.0
64,x3_Nissan,3.7580602130148736e-05,0.0
659,x4_Kona,3.7170996177797904e-05,0.0
27,x3_Dacia,3.70869176611657e-05,0.0
261,x4_Astra,3.7077644969518485e-05,0.0
935,x4_Seria 2,3.6941408717546547e-05,0.0
73,x3_Renault,3.6427206306219445e-05,0.0
767,x4_Octavia,3.593565006282651e-05,0.0
1217,x10_Inny,3.5876050835349324e-05,0.0
1082,x4_Vivaro,3.497888884066412e-05,0.0
1041,x4_Transit Custom,3.4223366617466726e-05,0.0
560,x4_Gallardo,3.374520500280375e-05,0.00026529598841769575
1151,x4_e-tron,3.346722767938513e-05,0.0
36,x3_Honda,3.330717288651714e-05,0.0
122,x4_1M,3.254476962032608e-05,0.0
934,x4_Seria 1,3.180455611736076e-05,0.0
864,x4_Ranger,3.176818326097688e-05,0.0
72,x3_RAM,3.164390882106774e-05,0.0
172,x4_4C,3.1198293909432025e-05,0.0
77,x3_Seat,3.1122413838953135e-05,0.0
574,x4_GranCabrio,3.092662220803722e-05,0.0
661,x4_Kuga,3.081247538589822e-05,0.0
1101,x4_X1,3.074717097996481e-05,0.0
462,x4_Ducato,3.0433309582668032e-05,0.0
1205,x10_Belgia,2.925871741370735e-05,0.0
1250,x19_Tak,2.8701627753592227e-05,0.0
193,x4_718 Cayman,2.8297180633023574e-05,0.0
1035,x4_Trafic,2.8289469950815716e-05,0.0
1113,x4_XC 40,2.8127220194926644e-05,0.0
614,x4_Impreza,2.771962953376341e-05,0.0
1038,x4_Transit,2.7614374690656716e-05,0.0
220,x4_A3,2.680900717401191e-05,0.0
526,x4_Focus,2.6280558505319526e-05,0.0
895,x4_S90,2.5971592340321743e-05,0.0
989,x4_T-Roc,2.586690268795345e-05,0.0
666,x4_LS,2.558658887534689e-05,0.0
263,x4_Ateca,2.539693091327063e-05,0.0
796,x4_Polo,2.5382908786733955e-05,0.0
592,x4_H2,2.5006233429236472e-05,0.0
807,x4_ProAce,2.4819867734840244e-05,0.0
1019,x4_Tiguan Allspace,2.448426321828808e-05,0.0
626,x4_Jimny,2.4310865219899462e-05,0.0
552,x4_GT,2.4246009433196206e-05,0.0
808,x4_Pro_cee'd,2.4075545388453145e-05,0.0
440,x4_DS 7 Crossback,2.3952794018838517e-05,0.0
345,x4_CR-V,2.3797977911789482e-05,0.0
902,x4_SQ5,2.3332923083161513e-05,0.0
976,x4_Stinger,2.2987688785404118e-05,0.0
343,x4_CLK,2.272094206888342e-05,0.0
353,x4_CX-5,2.2393989809120667e-05,0.0
23,x3_Citroën,2.194421848813233e-05,0.0
505,x4_F-Type,2.193306307074076e-05,0.0
1215,x10_Hiszpania,2.149845602879938e-05,0.0
281,x4_B6,2.1489267286981543e-05,0.0
962,x4_Sorento,2.1479527017560637e-05,0.0
782,x4_Partner,2.1177724098738872e-05,0.0
465,x4_E-Pace,2.117653083982291e-05,0.0
458,x4_Discovery Sport,2.1044491221391092e-05,0.0
886,x4_S4,2.0990756123575397e-05,0.0
225,x4_A6 Allroad,2.079228023956428e-05,0.0
890,x4_S60,2.0748274823165915e-05,0.0
249,x4_Amarok,2.0713129768513253e-05,0.0
1088,x4_WRX,2.058378466238755e-05,0.0
367,x4_Captur,2.0293474337635332e-05,0.0
699,x4_M2,2.008685787248481e-05,0.0
145,x4_3008,1.9786613644645795e-05,0.0
191,x4_6GT,1.9439391624256063e-05,0.0
965,x4_SpaceTourer,1.9381697424478435e-05,0.0
684,x4_Leon Sportstourer,1.9303321346763514e-05,0.0
506,x4_F150,1.9246058304901283e-05,0.0
26,x3_DS Automobiles,1.8870310110845217e-05,0.0
861,x4_Range Rover Evoque,1.829596443108863e-05,0.0
630,x4_Juke,1.8186207873968217e-05,0.0
657,x4_Kodiaq,1.807722657804709e-05,0.0
645,x4_Karoq,1.7889909308868952e-05,0.0
175,x4_5008,1.7880935291827725e-05,0.0
1233,x10_Szwecja,1.7356440949667856e-05,0.0
587,x4_Grandland X,1.7225103775009516e-05,0.0
848,x4_REXTON,1.6872835685725102e-05,0.0
1232,x10_Szwajcaria,1.6835284356775906e-05,0.0
759,x4_Niro,1.6826283610679346e-05,0.0
553,x4_GT-R,1.6787793183206914e-05,0.0
21,x3_Chevrolet,1.676787343426489e-05,0.0
358,x4_Caddy,1.6523120548838474e-05,0.0
1066,x4_V90 Cross Country,1.650796924464405e-05,0.0
467,x4_EDGE,1.6319764601636363e-05,0.0
1061,x4_V60,1.6291342009924196e-05,0.0
970,x4_Sportage,1.6279815667078074e-05,0.0
566,x4_Ghibli,1.6221264770230713e-05,0.0
904,x4_SQ8,1.6131671593757493e-05,0.0
161,x4_3GT,1.5982876469187362e-05,0.0
463,x4_Durango,1.5977952181980638e-05,0.0
171,x4_488,1.5927389260090146e-05,0.0007606231823166041
629,x4_Journey,1.5842006675506758e-05,0.0
414,x4_Countryman,1.5683403341898426e-05,0.0
648,x4_Klasa B,1.538880740078535e-05,0.0
1023,x4_Tivoli,1.5036926481315843e-05,0.0
974,x4_Stelvio,1.4992104643754753e-05,0.0
1190,x8_Błękitny,1.460919544846351e-05,0.0
640,x4_Kamiq,1.4543049986157835e-05,0.0
805,x4_Prius,1.4349809107984748e-05,0.0
420,x4_Crossland X,1.423989075460001e-05,0.0
385,x4_Charger,1.4229074200165181e-05,0.0
741,x4_Mondeo,1.4036382188484686e-05,0.0
340,x4_CL,1.3796886748883215e-05,0.0
996,x4_TT,1.3740274916607363e-05,0.0
598,x4_Hilux,1.3659216974082023e-05,0.0
392,x4_Civic,1.3587771938809926e-05,0.0
82,x3_Subaru,1.3520405674134899e-05,0.0
1069,x4_Vantage,1.3498874784582271e-05,0.0
885,x4_S3,1.3445563733774403e-05,0.0
1216,x10_Holandia,1.3443467841477386e-05,0.0
57,x3_Maybach,1.3121953534359463e-05,0.0
141,x4_3,1.284240105894393e-05,0.0
711,x4_ML,1.283904447782659e-05,0.0
159,x4_356,1.2602296046103995e-05,0.0
55,x3_MINI,1.2581675909430017e-05,0.0
1129,x4_XT6,1.2504646838899369e-05,0.0
1224,x10_Luksemburg,1.2422326561510654e-05,0.0
740,x4_Mokka,1.2325413775351632e-05,0.0
549,x4_GLK,1.2225085608238903e-05,0.0
81,x3_SsangYong,1.202817122756708e-05,0.0
603,x4_ID.3,1.1794244105127556e-05,0.0
631,x4_Jumper,1.1784717971432367e-05,0.0
575,x4_GranTurismo,1.1325893311863932e-05,0.0
683,x4_Leon,1.1169078283396935e-05,0.0
988,x4_T-Cross,1.1154143457080721e-05,0.0
1146,x4_Z4 M,1.1126973954272295e-05,0.0
824,x4_Q50,1.109943442984019e-05,0.0
811,x4_Proace Verso,1.1091873844631894e-05,0.0
183,x4_6,1.1041907972717215e-05,0.0
568,x4_Giulia,1.0949567430499338e-05,0.0
900,x4_SLK,1.0810201255804497e-05,0.0
126,x4_2008,1.0443099671880331e-05,0.0
192,x4_718 Boxster,1.0205545953642171e-05,0.0
1102,x4_X2,1.0199036129975237e-05,0.0
882,x4_S-Max,1.0156662200662434e-05,0.0
408,x4_Corolla,1.0050939131671042e-05,0.0
452,x4_Delta,1.0045560865331429e-05,0.0
352,x4_CX-30,9.914321135083478e-06,0.0
34,x3_GMC,9.891068996209176e-06,0.0
222,x4_A4 Allroad,9.875933878132543e-06,0.0
1078,x4_Viano,9.823382346275689e-06,0.0
510,x4_F8 Tributo,9.793075103302013e-06,0.0
428,x4_D-Max,9.658410010585484e-06,0.0
750,x4_Mustang Mach-E,9.638106938282981e-06,0.0
1210,x10_Dania,9.580520877750103e-06,0.0
1145,x4_Z4,9.512171657529462e-06,0.0
664,x4_LC,9.466169437299942e-06,0.0
736,x4_Model 3,9.353364779202966e-06,0.0
658,x4_Koleos,9.240672711276783e-06,0.0
821,x4_Q4,9.165587712810609e-06,0.0
949,x4_Sharan,8.737037807536191e-06,0.0
602,x4_I30,8.72539089783707e-06,0.0
852,x4_RS3,8.665728014308381e-06,0.0
153,x4_308,8.609180795148124e-06,0.0
850,x4_RS Q3,8.599521965873386e-06,0.0
453,x4_Delta 88,8.560445238597912e-06,0.0
685,x4_Levante,8.421895103609153e-06,0.0
855,x4_RS6,8.381949035369034e-06,0.0
1028,x4_Touran,8.31990011212882e-06,0.0
1021,x4_Tipo,8.215033170474793e-06,0.0
546,x4_GLB,8.199630020474835e-06,0.0
83,x3_Suzuki,8.172595472034643e-06,0.0
1147,x4_Zafira,7.894434665123521e-06,0.0
880,x4_S 2000,7.802977474153442e-06,0.0
473,x4_EQV,7.762904762070763e-06,0.0
356,x4_CX-9,7.685639330411662e-06,0.0
729,x4_Megane,7.678061039515022e-06,0.0
1157,x4_i30 N,7.663121316197017e-06,0.0
1138,x4_Yaris,7.5544355155505115e-06,0.0
351,x4_CX-3,7.469045387518221e-06,0.0
241,x4_Alhambra,7.446187583652454e-06,0.0
277,x4_B10,7.151401657104062e-06,0.0
231,x4_ASX,7.046772487892644e-06,0.0
502,x4_Explorer,6.905465993876868e-06,0.0
1117,x4_XCeed,6.830143256497847e-06,0.0
576,x4_Grand C-MAX,6.7819300007942575e-06,0.0
1031,x4_Tourneo Custom,6.648086418666168e-06,0.0
332,x4_C5X,6.56636083442098e-06,0.0
822,x4_Q4 Sportback,6.525992230673742e-06,0.0
515,x4_Fabia,6.500399897377247e-06,0.0
319,x4_C3 Aircross,6.390097205676492e-06,0.0
588,x4_Grecale,6.329943190980075e-06,0.0
1002,x4_Talento,6.210726089718389e-06,0.0
893,x4_S8,6.166264242936644e-06,0.0
1029,x4_Tourneo Connect,6.160008686793414e-06,0.0
303,x4_Boxer,6.117311201059038e-06,0.0
1120,x4_XJ,6.047152570699428e-06,0.0
838,x4_Quattroporte,6.038733574016395e-06,0.0
624,x4_Jazz,6.024149839792813e-06,0.0
253,x4_Arkana,5.971020933089261e-06,0.0
814,x4_Puma,5.9626218145317216e-06,0.0
1227,x10_Norwegia,5.836342862409702e-06,0.0
393,x4_Clio,5.782829724840175e-06,0.0
378,x4_Cayman,5.7810756822133025e-06,0.0
182,x4_5GT,5.618484040648992e-06,0.0
916,x4_Santa Fe,5.5888089071838874e-06,0.0
295,x4_Beta,5.540732430914153e-06,0.0
1238,x10_Wielka Brytania,5.412611141054149e-06,0.0
313,x4_C-HR,5.390965758923593e-06,0.0
139,x4_280,5.377191714821974e-06,0.0
267,x4_Auris,5.358749466572258e-06,0.0
1059,x4_V40,5.355934284948025e-06,0.0
671,x4_Lancer,5.20714681338211e-06,0.0
255,x4_Arona,5.196033419667094e-06,0.0
1024,x4_Tivoli Grand,5.159072024936363e-06,0.0
843,x4_RAPID,5.097295717497705e-06,0.0
831,x4_QX50,5.023514234384098e-06,0.0
330,x4_C5,4.9303093580442925e-06,0.0
18,x3_Buick,4.896258700216446e-06,0.0
985,x4_Supra,4.854883592981601e-06,0.0
856,x4_RS7,4.8465571695278865e-06,0.0
389,x4_Citan,4.825933988459788e-06,0.0
501,x4_Expert,4.802680597027576e-06,0.0
1003,x4_Talisman,4.788879239542702e-06,0.0
889,x4_S6,4.739157587839358e-06,0.0
496,x4_Espace,4.737582714342149e-06,0.0
559,x4_Galaxy,4.647004971192538e-06,0.0
1141,x4_Yeti,4.588070482746143e-06,0.0
52,x3_Lotus,4.585045068755187e-06,0.0
331,x4_C5 Aircross,4.547711151251716e-06,0.0
134,x4_208,4.526782502338114e-06,0.0
394,x4_Clubman,4.468640083665039e-06,0.0
652,x4_Klasa R,4.457914784525573e-06,0.0
411,x4_Corsa,4.4523413359153625e-06,0.0
663,x4_L200,4.4516959861625055e-06,0.0
1099,x4_X-Trail,4.440260113708487e-06,0.0
236,x4_Accord,4.4005399445159215e-06,0.0
920,x4_Scala,4.354961976168594e-06,0.0
80,x3_Smart,4.330513211787413e-06,0.0
637,x4_Kadjar,4.272993110082624e-06,0.0
217,x4_A1,4.256802247904668e-06,0.0
810,x4_Proace City Verso,4.230744699910144e-06,0.0
1197,x8_Pomarańczowy,4.1846252415757835e-06,0.0
528,x4_Forester,4.0225297801787266e-06,0.0
977,x4_Stonic,4.00855792633816e-06,0.0
405,x4_Cooper,3.9961495628396245e-06,0.0
15,x3_BMW-ALPINA,3.979459331357663e-06,0.00012425871019859544
323,x4_C4,3.954401635472087e-06,0.0
872,x4_Rifter,3.949240038440541e-06,0.0
441,x4_DS 9,3.944372637902486e-06,0.0
570,x4_Gladiator,3.880146851489051e-06,0.0
557,x4_GX,3.853714967486342e-06,0.0
1106,x4_X4 M,3.84189808852212e-06,0.0
478,x4_Eclipse Cross,3.801631329185841e-06,0.0
304,x4_Boxster,3.7421234216754845e-06,0.0
1156,x4_i3,3.7209445197333074e-06,0.0
1001,x4_Taigo,3.711578885516846e-06,0.0
620,x4_Integra,3.6963315510925056e-06,0.0
858,x4_RX-8,3.6657087262650315e-06,0.0
174,x4_500,3.647669178802068e-06,0.0
818,x4_Q2,3.5714531796117976e-06,0.0
605,x4_ID.5,3.5661353669603497e-06,0.0
419,x4_Crossland,3.4727371813317298e-06,0.0
928,x4_Sedici,3.452866379419144e-06,0.0
593,x4_H3,3.429720406818831e-06,0.0
1131,x4_XV,3.379285848112401e-06,0.0
551,x4_GS,3.333445703031286e-06,0.0
398,x4_Combo,3.322591026220425e-06,0.0
22,x3_Chrysler,3.2931696576850104e-06,0.0
921,x4_Scenic,3.2269498457458987e-06,0.0
562,x4_Garbus,3.221201057037645e-06,0.0
888,x4_S5,3.1998134181704226e-06,0.0
999,x4_Tacoma,3.1994715623735995e-06,0.0
644,x4_Karmann Ghia,3.1885462339015983e-06,0.0
1144,x4_Z3,3.116810241086799e-06,0.0
723,x4_Master,3.0959446162428667e-06,0.0
660,x4_Korando,3.0895281853087603e-06,0.0
113,x4_131,3.041576432006793e-06,0.0
271,x4_Avensis,2.9413802813960915e-06,0.0
1004,x4_Tarraco,2.9167183465292103e-06,0.0
766,x4_OUTBACK,2.9078099966757855e-06,0.0
732,x4_Midget,2.7983718454980054e-06,0.0
37,x3_Hummer,2.7959554441130744e-06,0.0
914,x4_Sandero,2.7781585107991743e-06,0.0
909,x4_SX4 S-Cross,2.7402366126327754e-06,0.0
1166,x4_ix35,2.7063583501567044e-06,0.0
959,x4_Skylark,2.702125129510214e-06,0.0
379,x4_Ceed,2.685909493425065e-06,0.0
181,x4_595,2.6554397377177457e-06,0.0
318,x4_C3,2.634851661154131e-06,0.0
475,x4_EV6,2.620255974175393e-06,0.0
534,x4_Freemont,2.6195463094126895e-06,0.0
854,x4_RS5,2.6107012147958533e-06,0.0
963,x4_Soul,2.592882138914051e-06,0.0
425,x4_Cruze,2.5796095076137534e-06,0.0
908,x4_SX4,2.5672658187852066e-06,0.0
1104,x4_X3 M,2.5606946696779054e-06,0.0
530,x4_Formentor,2.5497674199326775e-06,0.0
250,x4_Ampera,2.539878024249549e-06,0.0
771,x4_Optima,2.5279282448874126e-06,0.0
294,x4_Berlingo,2.5119736319822906e-06,0.0
149,x4_301,2.4987616996722547e-06,0.0
625,x4_Jetta,2.4673239446478948e-06,0.0
520,x4_Fiesta,2.430748715340134e-06,0.0
1118,x4_XE,2.380103711435261e-06,0.0
254,x4_Arnage,2.3712571702289013e-06,0.0
773,x4_Outlander,2.3329894455057397e-06,0.0
308,x4_Bronco,2.3041602053097073e-06,0.0
479,x4_EcoSport,2.2697854660184508e-06,0.0
1168,x4_up!,2.250422421087776e-06,0.0
512,x4_FJ,2.243933943437336e-06,0.0
1115,x4_XC 70,2.2304384641005035e-06,0.0
1085,x4_W123,2.225618695228466e-06,0.0
488,x4_Enyaq,2.224780391062459e-06,0.0
1007,x4_Taycan,2.1381314371853794e-06,0.0
845,x4_RC,2.13227283203606e-06,0.0
436,x4_DS 3 Crossback,2.092838665606393e-06,0.0
716,x4_MX-5,2.078824023035067e-06,0.0
604,x4_ID.4,2.06043788352154e-06,0.0
146,x4_300C,2.0485818101869385e-06,0.0
1159,x4_i40,2.0435377955901922e-06,0.0
524,x4_Flex,2.0411418287373667e-06,0.0
765,x4_ONE,2.0331786063299074e-06,0.0
362,x4_Camaro,2.017605828919554e-06,0.0
564,x4_Genesis Coupe,1.96695053717276e-06,0.0
869,x4_Renegade,1.887880186843345e-06,0.0
326,x4_C4 Grand Picasso,1.8458575176800935e-06,0.0
459,x4_Doblo,1.8268455202040786e-06,0.0
730,x4_Meriva,1.8246548418366435e-06,0.0
785,x4_Passat CC,1.7925999521376285e-06,0.0
894,x4_S80,1.7796886258422964e-06,0.0
776,x4_Pacifica,1.7577718275682908e-06,0.0
327,x4_C4 Picasso,1.7463630660772435e-06,0.0
1080,x4_Vitara,1.7328518136413348e-06,0.0
209,x4_900,1.7248234802707306e-06,0.0
508,x4_F350,1.7212453548897996e-06,0.0
355,x4_CX-7,1.715812026893127e-06,0.0
747,x4_Murano,1.6800501539497297e-06,0.0
312,x4_C-Elysée,1.6531033793702197e-06,0.0
791,x4_Picanto,1.6417964626721388e-06,0.0
610,x4_Ibiza,1.6042050223287981e-06,0.0
1015,x4_Thunderbird,1.5386005501073539e-06,0.0
442,x4_DS3,1.5151691835701102e-06,0.0
406,x4_Cooper S,1.4905955146239024e-06,0.0
670,x4_Laguna,1.482864321818203e-06,0.0
132,x4_207,1.4703229069743676e-06,0.0
128,x4_205,1.4624309661398638e-06,0.0
891,x4_S7,1.4536188305110148e-06,0.0
692,x4_Logan,1.4178833452258654e-06,0.0
926,x4_Scudo,1.3788387424943227e-06,0.0
314,x4_C-MAX,1.3757898325092049e-06,0.0
204,x4_9-3,1.370980750206951e-06,0.0
41,x3_Iveco,1.3480936547613506e-06,0.0
1062,x4_V70,1.3386969939935362e-06,0.0
777,x4_Pajero,1.3301499792541212e-06,0.0
1155,x4_i20,1.3233389378234767e-06,0.0
363,x4_Camry,1.3217497312789227e-06,0.0
608,x4_IS,1.2913382173067137e-06,0.0
1139,x4_Yaris Cross,1.2891578321078993e-06,0.0
867,x4_Regal,1.285923766443047e-06,0.0
873,x4_Rio,1.2667774766430275e-06,0.0
292,x4_Beetle,1.2519038171905608e-06,0.0
802,x4_Previa,1.2358658871823022e-06,0.0
61,x3_Mercury,1.2127594268835206e-06,0.0
53,x3_MAN,1.2111304451066363e-06,0.0
291,x4_Bayon,1.203102273540648e-06,0.0
325,x4_C4 Cactus,1.175471630879101e-06,0.0
964,x4_Space Star,1.1747156287112865e-06,0.0
581,x4_Grand Scenic,1.1733062754805653e-06,0.0
987,x4_Swift,1.1671485184343145e-06,0.0
573,x4_Golf Sportsvan,1.166697543774506e-06,0.0
8,x3_Aixam,1.1542641824085953e-06,0.0
390,x4_Citigo,1.1226855478407048e-06,0.0
1084,x4_Voyager,1.1218141635622207e-06,0.0
1052,x4_Twingo,1.1214825682307058e-06,0.0
971,x4_Spring,1.0991608602823255e-06,0.0
641,x4_Kangoo,1.082270131638182e-06,0.0
1045,x4_Trax,1.0744799815681365e-06,0.0
336,x4_CC,1.0741198838165017e-06,0.0
936,x4_Seria 200,1.062715767688383e-06,0.0
915,x4_Sandero Stepway,1.0599187961113183e-06,0.0
572,x4_Golf Plus,1.0572556920561124e-06,0.0
1086,x4_W124 (1984-1993),1.0536571633520818e-06,0.0
443,x4_DS4,1.0470648084414491e-06,0.0
1039,x4_Transit Connect,1.0458524503434298e-06,0.0
1165,x4_ix20,1.0292242702846522e-06,0.0
1237,x10_Ukraina,1.0243210029876534e-06,0.0
482,x4_Elantra,1.0191002865154298e-06,0.0
154,x4_308 CC,1.0166825827631876e-06,0.0
119,x4_159,9.90260314572933e-07,0.0
582,x4_Grand Vitara,9.88847928483622e-07,0.0
1000,x4_Tahoe,9.781750659334613e-07,0.0
627,x4_Jogger,9.720951290950233e-07,0.0
825,x4_Q60,9.677075396394372e-07,0.0
654,x4_Klasa T,9.613492922534474e-07,0.0
1030,x4_Tourneo Courier,9.586898700649724e-07,0.0
45,x3_Lada,9.414172933275491e-07,0.0
177,x4_500X,9.2804878033088e-07,0.0
144,x4_3000GT,9.112296480945725e-07,0.0
754,x4_Navara,8.969327996391686e-07,0.0
403,x4_Continental Flying Spur,8.712706392680801e-07,0.0
595,x4_HR-V,8.534032060976212e-07,0.0
1009,x4_Terracan,8.39783120287199e-07,0.0
1234,x10_Słowacja,8.367250302316327e-07,0.0
1164,x4_iX3,8.216543755194352e-07,0.0
787,x4_Patriot,8.144512015824172e-07,0.0
634,x4_KA,8.105880822660561e-07,0.0
460,x4_Dokker,7.978022228573165e-07,0.0
1169,x5_Benzyna+CNG,7.812663232878136e-07,0.0
806,x4_Prius+,7.782024517394308e-07,0.0
1209,x10_Czechy,7.713037180304551e-07,0.0
234,x4_Acadia,7.688026570778107e-07,0.0
1073,x4_Venga,7.626836249711917e-07,0.0
1054,x4_UX,7.566071369010019e-07,0.0
554,x4_GT86,7.452420166298953e-07,0.0
586,x4_Grandland,7.398297862260341e-07,0.0
275,x4_Aygo,7.305542059839975e-07,0.0
1076,x4_Verso,7.277474891258673e-07,0.0
781,x4_Panda,7.266202356499889e-07,0.0
366,x4_Captiva,7.191851419512783e-07,0.0
500,x4_Expedition,7.185420450949947e-07,0.0
40,x3_Isuzu,7.107562677297143e-07,0.0
680,x4_Legacy,7.039883591369033e-07,0.0
772,x4_Orlando,7.020126734443365e-07,0.0
125,x4_200,6.997644789192684e-07,0.0
437,x4_DS 4,6.920808288751365e-07,0.0
820,x4_Q30,6.836548102178292e-07,0.0
110,x4_125p,6.737944890068639e-07,0.0
306,x4_Bravo,6.655048606744798e-07,0.0
531,x4_Fortwo,6.526653294606692e-07,0.0
1025,x4_Toledo,6.500386787900162e-07,0.0
274,x4_Aveo,6.367901270114915e-07,0.0
162,x4_4-Runner,6.317754528847865e-07,0.0
883,x4_S-Type,6.105912849471069e-07,0.0
320,x4_C3 Picasso,6.105897272417845e-07,0.0
264,x4_Atlas,5.906784363297423e-07,0.0
342,x4_CLC,5.783335542719019e-07,0.0
607,x4_IONIQ,5.629913301676298e-07,0.0
470,x4_EQC,5.571679929555638e-07,1.993156891023319e-05
521,x4_Fiorino,5.527783068910482e-07,0.0
1033,x4_Town Car,5.441759110934556e-07,0.0
832,x4_QX60,5.33885210517062e-07,0.0
1148,x4_Zoe,5.310554572303528e-07,0.0
76,x3_Saab,5.232702814296494e-07,0.0
246,x4_Altea XL,5.106902521388381e-07,0.0
1136,x4_Xsara Picasso,4.970465699089788e-07,0.0
494,x4_Escape,4.929072886938739e-07,0.0
762,x4_Note,4.692008633524012e-07,0.0
569,x4_Giulietta,4.6573264902126053e-07,0.0
731,x4_Micra,4.6001575069316724e-07,0.0
924,x4_Scirocco,4.580256647581256e-07,0.0
815,x4_Punto,4.529984153247299e-07,0.0
251,x4_Antara,4.353058018670752e-07,0.0
1167,x4_ix55,4.286024091344865e-07,0.0
642,x4_Kappa,4.2511710501146715e-07,0.0
202,x4_9,4.241539647766372e-07,0.0
415,x4_Coupe,4.1528496162795586e-07,0.0
322,x4_C30,4.118347177439843e-07,0.0
951,x4_Sienna,4.074578186468419e-07,0.0
315,x4_C-Zero,4.048694959772952e-07,0.0
115,x4_147,4.0342660778501746e-07,0.0
803,x4_Primastar,4.001930620207133e-07,0.0
1006,x4_Taurus,3.975158320125251e-07,0.0
789,x4_Phaeton,3.9072364579336005e-07,0.0
444,x4_DS5,3.8857550493949893e-07,0.0
715,x4_MX-30,3.847679218257558e-07,0.0
348,x4_CT,3.8130650735007295e-07,0.0
744,x4_Movano,3.7481185912655866e-07,0.0
238,x4_Adam,3.7429010293322384e-07,0.0
173,x4_5,3.719608819461084e-07,0.0
813,x4_Pulsar,3.7061155733104275e-07,0.0
960,x4_Skyline,3.690387020646284e-07,0.0
233,x4_AX,3.679211186862723e-07,0.0
1154,x4_i10,3.637389366843929e-07,0.0
283,x4_B8,3.6097311917399366e-07,0.0
435,x4_DS 3,3.5577031681529367e-07,0.0
768,x4_Odyssey,3.540507701257077e-07,0.0
167,x4_407,3.505965772360059e-07,0.0
51,x3_Lincoln,3.472643911756802e-07,0.0
878,x4_Roomster,3.3910948882785116e-07,0.0
334,x4_C70,3.340815444809063e-07,0.0
157,x4_350 Z,3.334833004320121e-07,0.0
1239,x10_Węgry,3.3258028520199227e-07,0.0
499,x4_Exeo,3.243801602878359e-07,0.0
539,x4_Fusion,3.2397147076368463e-07,0.0
635,x4_Ka+,3.2371000096717486e-07,0.0
579,x4_Grand Espace,3.215776498570509e-07,0.0
584,x4_Grande Punto,3.082202737277203e-07,0.0
335,x4_C8,3.0253489283905295e-07,0.0
836,x4_Qashqai+2,3.0202937218421364e-07,0.0
206,x4_9-5,2.964912638967803e-07,0.0
656,x4_Klasa X,2.9463271543503955e-07,0.0
752,x4_NV200,2.943408896826709e-07,0.0
525,x4_Fluence,2.8400069526631963e-07,0.0
786,x4_Pathfinder,2.7474960513506813e-07,0.0
399,x4_Commander,2.66128048513709e-07,0.0
1070,x4_Vectra,2.6454584458962793e-07,0.0
1060,x4_V50,2.5746198389282405e-07,0.0
638,x4_Kalina,2.544910550251627e-07,0.0
316,x4_C1,2.5366632609476216e-07,0.0
450,x4_Dart,2.521131060924573e-07,0.0
993,x4_TR3,2.4886545718890853e-07,0.0
830,x4_QX30,2.460501348464865e-07,0.0
106,x4_108,2.4236751264807263e-07,0.0
1100,x4_X-Type,2.411186269781484e-07,0.0
514,x4_FX,2.394296993484687e-07,0.0
476,x4_EX,2.3880300983346523e-07,0.0
1124,x4_XK8,2.3543968162055e-07,0.0
846,x4_RCZ,2.320114063262177e-07,0.0
1134,x4_Xenon,2.3004985355664244e-07,0.0
286,x4_BS4,2.2591173699411224e-07,0.0
847,x4_RDX,2.2333790344135129e-07,0.0
409,x4_Corolla Verso,2.2298610769879083e-07,0.0
712,x4_MR2,2.1382685991975868e-07,0.0
733,x4_Mii,2.0960572983647458e-07,0.0
1014,x4_Thesis,2.0686168995044873e-07,0.0
817,x4_Punto Evo,2.0609480958026695e-07,0.0
527,x4_Focus C-Max,2.059138397160836e-07,0.0
887,x4_S40,2.0480575514163995e-07,0.0
503,x4_Express,2.0470653081729806e-07,0.0
1162,x4_iQ,2.046262153222146e-07,0.0
792,x4_Pick-up,2.04042253608416e-07,0.0
691,x4_Lodgy,1.977493154018509e-07,0.0
54,x3_MG,1.9634749280190556e-07,0.0
196,x4_745,1.9459613709272435e-07,0.0
123,x4_2,1.9240691428894365e-07,0.0
628,x4_John Cooper Works,1.9211092596288277e-07,0.0
199,x4_807,1.8922318053241076e-07,0.0
679,x4_Leaf,1.8536000482317725e-07,0.0
533,x4_Freelander,1.850309415009983e-07,0.0
151,x4_307,1.8360799271493674e-07,0.0
396,x4_Colt,1.811089487766221e-07,0.0
1032,x4_Town & Country,1.7616707980818732e-07,0.0
704,x4_M8,1.754484479359775e-07,0.0
565,x4_Getz,1.71835226962369e-07,0.0
133,x4_207 CC,1.6980177620734682e-07,0.0
166,x4_406,1.669070098393404e-07,0.0
966,x4_Spark,1.6384607103578875e-07,0.0
1230,x10_Rumunia,1.6154692592883423e-07,0.0
1026,x4_Tonale,1.6030258815323548e-07,0.0
424,x4_Crown,1.578000739968346e-07,0.0
757,x4_New Beetle,1.557999387059068e-07,0.0
1212,x10_Finlandia,1.555295912630782e-07,0.0
417,x4_Croma,1.5420304667480267e-07,0.0
761,x4_Niva,1.5222991941641673e-07,0.0
129,x4_206,1.5104737195379003e-07,0.0
97,x4_1.6,1.495536661332476e-07,0.0
176,x4_500L,1.4861255840631683e-07,0.0
1206,x10_Białoruś,1.4798691545931941e-07,0.0
285,x4_BRZ,1.4747582648231689e-07,0.0
62,x3_Microcar,1.470068264165447e-07,0.0
1040,x4_Transit Courier,1.4440008688278472e-07,0.0
827,x4_Q70,1.3877734743730687e-07,0.0
307,x4_Brera,1.376003829913327e-07,0.0
388,x4_Cinquecento,1.3727725869521587e-07,0.0
360,x4_Calibra,1.3579639174665634e-07,0.0
609,x4_IXO,1.3310858080815275e-07,0.0
1012,x4_Thalia,1.288148436888726e-07,0.0
957,x4_Silverado,1.2678688477014227e-07,0.0
735,x4_Mito,1.2610205780717567e-07,0.0
513,x4_FR-V,1.2551394786936525e-07,0.0
703,x4_M6,1.207854670607635e-07,0.0
1071,x4_Vel Satis,1.182974899197435e-07,0.0
719,x4_Magnum,1.156992604260231e-07,0.0
324,x4_C4 Aircross,1.131456416595011e-07,0.0
954,x4_Signum,1.1190121028469005e-07,0.0
616,x4_Indigo,1.1093987056783726e-07,0.0
612,x4_Ignis,1.1052379492130472e-07,0.0
381,x4_Celica,1.0800729338791975e-07,0.0
311,x4_C-Crosser,1.0699971231602333e-07,0.0
29,x3_Daihatsu,1.0605870611346879e-07,0.0
35,x3_Gaz,1.0563859361233043e-07,0.0
489,x4_Eos,1.0338715583725953e-07,0.0
370,x4_Carens,1.027344754733978e-07,0.0
764,x4_Nubira,1.027213792126808e-07,0.0
563,x4_Genesis,1.0183583657635736e-07,0.0
529,x4_Forfour,1.0119830365593168e-07,0.0
930,x4_Seicento,1.0048961825420783e-07,0.0
469,x4_EQB,1.0027298023472438e-07,0.0
239,x4_Agila,9.900042462931392e-08,0.0
532,x4_Fox,9.73054098806988e-08,0.0
243,x4_Almera,9.220992034100432e-08,0.0
237,x4_Actyon,9.12925901557568e-08,0.0
507,x4_F250,8.994721435151233e-08,0.0
672,x4_Lancer Evolution,8.841360142397957e-08,0.0
188,x4_626,8.693694363171962e-08,0.0
245,x4_Altea,8.666997612115741e-08,0.0
493,x4_Escalade,8.350910846953408e-08,0.00013107486082105575
373,x4_Carnival,8.349312821018301e-08,0.0
1036,x4_Trailblazer,8.32446769572874e-08,0.0
359,x4_Caliber,8.068866718318039e-08,0.0
268,x4_Avalon,8.031301107661179e-08,0.0
632,x4_Jumpy Combi,8.027473047957929e-08,0.0
289,x4_Baleno,7.668876681809737e-08,0.0
725,x4_Matiz,7.627156751414498e-08,0.0
89,x3_Trabant,7.60519659282483e-08,0.0
669,x4_Lacetti,7.583725572329872e-08,0.0
875,x4_Roadster,7.583588642569589e-08,0.0
783,x4_Paseo,7.578764401307947e-08,0.0
86,x3_Tata,7.526517717708938e-08,0.0
375,x4_Cascada,7.450214622870017e-08,0.0
439,x4_DS 5,7.260761097072501e-08,0.0
775,x4_Paceman,7.22726473915303e-08,0.0
391,x4_City,7.213585920727154e-08,0.0
623,x4_JS50L,7.090220722785753e-08,0.0
103,x4_105,6.955539521509903e-08,0.0
346,x4_CR-Z,6.816305976932034e-08,0.0
1017,x4_Tigra,6.710575461716537e-08,0.0
276,x4_B-MAX,6.704356179453825e-08,0.0
739,x4_Modus,6.664158681680093e-08,0.0
357,x4_Cabriolet,6.653714030513195e-08,0.0
816,x4_Punto 2012,6.550488802155403e-08,0.0
1010,x4_Terrano,6.517135530831082e-08,0.0
205,x4_9-3X,6.473515652113951e-08,0.0
1087,x4_W201 (190),6.424569222688475e-08,0.0
421,x4_Crossline,6.376321964332785e-08,0.0
1020,x4_Tiida,6.274719027049073e-08,0.0
215,x4_96,6.230853668877857e-08,0.0
240,x4_Albea,5.941959047016305e-08,0.0
896,x4_SC,5.9243880630913926e-08,0.0
1072,x4_Veloster,5.89806717558442e-08,0.0
461,x4_Dokker Van,5.8926395712607784e-08,0.0
722,x4_Massif,5.8060274661905836e-08,0.0
1095,x4_X 1,5.7607744719654663e-08,0.0
1214,x10_Grecja,5.74481797783126e-08,0.0
160,x4_370 Z,5.7049122879971626e-08,0.0
1132,x4_Xantia,5.67755460141179e-08,0.0
487,x4_Encore,5.605403127100164e-08,0.0
877,x4_Rogue,5.3904258027117595e-08,0.0
737,x4_Model S,5.353464673700332e-08,0.0
152,x4_307 CC,5.239730883294591e-08,0.0
248,x4_Alto,5.207226066384642e-08,0.0
490,x4_Epica,5.026341076046603e-08,0.0
682,x4_Legend,5.022069928215107e-08,0.0
105,x4_107,4.933056145781497e-08,0.0
317,x4_C2,4.881999520694987e-08,0.0
219,x4_A2,4.6734977779285066e-08,0.0
98,x4_100,4.5781291808781464e-08,0.0
422,x4_Crossover,4.427492172387176e-08,0.0
799,x4_Praktik,4.234251171094846e-08,0.0
1122,x4_XJS,4.219928602399927e-08,0.0
969,x4_Splash,4.1809536961783405e-08,0.0
583,x4_Grand Voyager,4.018880203470045e-08,0.0
107,x4_120,3.9907092654136054e-08,0.0
300,x4_Bonneville,3.981847315022537e-08,0.0
198,x4_80,3.73485663522224e-08,0.0
1067,x4_Vaneo,3.7293664847228197e-08,0.0
643,x4_Karl,3.710939855786688e-08,0.0
1057,x4_Urban Cruiser,3.618928064323824e-08,0.0
1047,x4_Tribeca,3.591336937952541e-08,0.0
301,x4_Bora,3.491435978181616e-08,0.0
131,x4_206 plus,3.491116503967344e-08,0.0
1140,x4_Yaris Verso,3.4130646716914865e-08,0.0
714,x4_MX-3,3.3901553608760244e-08,0.0
130,x4_206 CC,3.379411533986789e-08,0.0
164,x4_4008,3.316902988006497e-08,0.0
216,x4_965,3.309294160373042e-08,0.0
927,x4_Sebring,3.297234733379002e-08,0.0
227,x4_A721,3.261012623931417e-08,0.0
769,x4_Omega,3.1910032341057574e-08,0.0
961,x4_Sonata,2.9581070957208837e-08,0.0
65,x3_Nysa,2.8277254664023522e-08,0.0
1142,x4_Ypsilon,2.7662060362545774e-08,0.0
695,x4_Lupo,2.744767038187895e-08,0.0
952,x4_Sierra,2.7413286107306055e-08,0.0
407,x4_Cordoba,2.686482449331176e-08,0.0
1235,x10_Słowenia,2.6576324385545687e-08,0.0
839,x4_Qubo,2.6134615498883935e-08,0.0
615,x4_Indica,2.5485378345221825e-08,0.0
309,x4_Buggy,2.4955675012554442e-08,0.0
701,x4_M4,2.3596132237215594e-08,0.0
696,x4_Lybra,2.3149560202989184e-08,0.0
296,x4_Bipper,2.310379864677719e-08,0.0
536,x4_Frontera,2.2936312503788245e-08,0.0
686,x4_Levorg,2.2524502111992488e-08,0.0
427,x4_Cuore,2.2234582958665298e-08,0.0
726,x4_Matrix,2.0978555445314366e-08,0.0
118,x4_156,2.0531690598922963e-08,0.0
678,x4_Le Sabre,1.9379245323694676e-08,0.0
197,x4_75,1.9161687114203536e-08,0.0
585,x4_Grandis,1.8879166288903172e-08,0.0
382,x4_Cerato,1.8267842132112673e-08,0.0
111,x4_126,1.8142291829071433e-08,0.0
1127,x4_XM,1.7786006247088292e-08,0.0
455,x4_Deville,1.7299836170291213e-08,0.0
720,x4_Malibu,1.667029919685728e-08,0.0
675,x4_Latitude,1.5989089735512004e-08,0.0
751,x4_NP300 Pickup,1.534300892616811e-08,0.0
109,x4_124 Spider,1.4633288882707858e-08,0.0
1161,x4_iOn,1.3890425492999196e-08,0.0
287,x4_BT-50,1.3573432563870209e-08,0.0
778,x4_Pajero Pinin,1.264029134638724e-08,0.0
163,x4_4007,1.263379319278227e-08,0.0
101,x4_1007,1.2395030172195737e-08,0.0
594,x4_HHR,1.1614124273675542e-08,0.0
774,x4_PT Cruiser,1.143705471998365e-08,0.0
804,x4_Primera,1.0949342299856844e-08,0.0
127,x4_204,1.0937610585842708e-08,0.0
92,x3_VELEX,1.0929802190170812e-08,0.0
20,x3_Chatenet,1.0561519188484044e-08,0.0
756,x4_Nemo,9.980252317412756e-09,0.0
1135,x4_Xsara,9.961072656641433e-09,0.0
911,x4_Safrane,9.476081646946834e-09,0.0
698,x4_M.GO,9.371167049035679e-09,0.0
833,x4_QX70,9.349488102542778e-09,0.0
975,x4_Stilo,8.416111862705655e-09,0.0
207,x4_9-7X,8.31855833751806e-09,0.0
555,x4_GTO,7.684863956014623e-09,0.0
120,x4_166,7.46902876236544e-09,0.0
213,x4_928,7.189391514095158e-09,0.0
50,x3_Ligier,7.012475549234003e-09,0.0
948,x4_Seville,6.912929366358571e-09,0.0
372,x4_Carisma,6.90346649376512e-09,0.0
13,x3_Austin,6.817070079145066e-09,0.0
517,x4_Felicia,6.806794644442367e-09,0.0
809,x4_Proace City,6.69592099199717e-09,0.0
639,x4_Kalos,6.387229003114162e-09,0.0
913,x4_Samurai,6.31104364952758e-09,0.0
75,x3_Rover,5.94154047992595e-09,0.0
892,x4_S70,5.6447390169309294e-09,0.0
477,x4_Eclipse,5.610533473736617e-09,0.0
495,x4_Escort,5.184697024768928e-09,0.0
1048,x4_Tribute,5.178879174518679e-09,0.0
272,x4_Avensis Verso,4.81788778149561e-09,0.0
148,x4_300s,4.513866727747498e-09,0.0
681,x4_Leganza,4.171985791308661e-09,0.0
1049,x4_Trooper,4.072176258742945e-09,0.0
601,x4_I-Pace,3.951780680887204e-09,0.0
446,x4_DUE,3.6594839615000483e-09,0.0
519,x4_Fiero,3.318206095852114e-09,0.0
755,x4_Navigator,3.208520949906331e-09,0.0
958,x4_Sirion,3.049035060804435e-09,0.0
950,x4_Siena,2.657330048428235e-09,0.0
1207,x10_Bułgaria,2.528786707687409e-09,0.0
90,x3_Triumph,2.459298817334844e-09,0.0
69,x3_Polonez,2.4126964285147093e-09,0.0
793,x4_Pickup,2.398344154819149e-09,0.0
338,x4_CH40,2.123651901345353e-09,0.0
104,x4_106,2.1094829911516574e-09,0.0
558,x4_Galant,2.0680811664789996e-09,0.0
1133,x4_Xedos,2.0158102032301593e-09,0.0
349,x4_CTS,2.0158102032301593e-09,0.0
497,x4_Evanda,1.9044678253355903e-09,0.0
187,x4_607,1.6360968189947661e-09,0.0
923,x4_Scenic RX4,1.5927389260090149e-09,0.0
708,x4_MGB,1.5927389260090149e-09,0.0
633,x4_Justy,1.4627758539214736e-09,0.0
265,x4_Atos,1.4171136972330964e-09,0.0
235,x4_Accent,1.4057225284412965e-09,0.0
1092,x4_Wind,1.3865135693066892e-09,0.0
622,x4_JS50,1.2945612393405653e-09,0.0
589,x4_H-1,1.1071750438331634e-09,0.0
618,x4_Insight,1.1060686986173714e-09,0.0
468,x4_EQA,1.0172303668131227e-09,0.0
1051,x4_Tundra,9.992780422830388e-10,0.0
155,x4_323,8.57553500706015e-10,0.0
674,x4_Lanos,8.363544302180033e-10,0.0
165,x4_405,7.21246343560663e-10,0.0
232,x4_ATS,7.078839671151177e-10,0.0
1211,x10_Estonia,6.912929366358571e-10,0.0
95,x3_Wartburg,6.719367344100367e-10,0.0
158,x4_353,6.221636429722714e-10,0.0
284,x4_B9 Tribeca,6.221636429722714e-10,0.0
28,x3_Daewoo,4.843995814740471e-10,0.0
84,x3_Syrena,4.719226447436316e-10,0.0
881,x4_S-10,4.665953570289128e-10,0.0
687,x4_Liana,3.6868956620578704e-10,0.0
1034,x4_Townstar,3.4192565321577975e-10,0.0
636,x4_Kadett,3.3458578133175484e-10,0.0
947,x4_Seria B,3.330926807607932e-10,0.0
1218,x10_Irlandia,2.7651717465434285e-10,0.0
143,x4_300 ZX,2.7651717465434285e-10,0.0
328,x4_C4 SpaceTourer,2.7651717465434285e-10,0.0
156,x4_323F,2.70986831161256e-10,0.0
1241,x10_Łotwa,2.2447691890157016e-10,0.0
66,x3_Oldsmobile,2.239789114700177e-10,0.0
944,x4_Seria 700,2.1267737802472007e-10,0.0
1074,x4_Vento,2.0738788099075918e-10,0.0
266,x4_Atu,1.5577134172194508e-10,0.0
812,x4_Probe,1.35493415580628e-10,0.0
919,x4_Saxo,9.983019366566368e-11,0.0
516,x4_Favorit,8.387687631181185e-11,0.0
870,x4_Rezzo,7.30097513478838e-11,0.0
795,x4_Pixo,7.005101757908646e-11,0.0
981,x4_Streetwise,6.940608735541471e-11,0.0
982,x4_Suburban,6.912929366358571e-11,0.0
142,x4_300,6.912929366358571e-11,0.0
718,x4_Magentis,5.899033059292097e-11,0.0
748,x4_Musa,5.899033059287154e-11,0.0
713,x4_MUSSO,1.7420858520398255e-11,0.0
837,x4_Quattro,1.1171570373210107e-11,0.0
543,x4_GAZ-24,6.990630692436441e-12,0.0
790,x4_Phedra,6.221636429722714e-12,0.0
135,x4_2103,6.221636429722714e-12,0.0
256,x4_Arosa,6.221636429722714e-12,0.0
1055,x4_Ulysse,2.7651717465434285e-12,0.0
1125,x4_XL7,2.7651717465434285e-12,0.0
1077,x4_Verso S,2.7651717465434285e-12,0.0
25,x3_DFSK,1.0618259506726766e-12,0.0
150,x4_306,6.912929366358571e-13,0.0
1223,x10_Litwa,2.986385486266903e-14,0.0
260,x4_Aspen,0.0,0.0
1229,x10_Rosja,0.0,0.0
121,x4_19,0.0,0.0
278,x4_B3,0.0,0.0
1152,x4_e-tron GT,0.0,0.0
485,x4_Elise,0.0,0.0
262,x4_Astro,0.0,0.0
259,x4_Ascona,0.0,0.0
522,x4_Firebird,0.0,0.0
1225,x10_Monako,0.0,0.0
247,x4_Altima,0.0,0.0
201,x4_850,0.0,0.0
1222,x10_Liechtenstein,0.0,0.0
117,x4_155,0.0,0.0
297,x4_Biturbo,0.0,0.0
1236,x10_Turcja,0.0,0.0
258,x4_Ascent,0.0,0.0
1097,x4_X-Too,0.0,0.0
498,x4_Excursion,0.0,0.0
1091,x4_Willys,0.0,0.0
1093,x4_Windstar,0.0,0.0
200,x4_812 Superfast,0.0,0.0
252,x4_Apache,0.0,0.0
7,x3_Acura,0.0,0.0
509,x4_F8 Spider,0.0,0.0
511,x4_FF,0.0,0.0
1096,x4_X-90,0.0,0.0
1098,x4_X-Too R,0.0,0.0
208,x4_90,0.0,0.0
279,x4_B4,0.0,0.0
299,x4_Bolt,0.0,0.0
492,x4_Equus,0.0,0.0
596,x4_Highland X,0.0,0.0
484,x4_Electra,0.0,0.0
486,x4_Enclave,0.0,0.0
124,x4_2 CV,0.0,0.0
298,x4_Blazer,0.0,0.0
518,x4_Feroza,0.0,0.0
523,x4_Fleetwood,0.0,0.0
483,x4_Eldorado,0.0,0.0
1219,x10_Islandia,0.0,0.0
290,x4_Barchetta,0.0,0.0
214,x4_944,0.0,0.0
270,x4_Avenger,0.0,0.0
538,x4_Fullback,0.0,0.0
556,x4_GTV,0.0,0.0
1137,x4_Y,0.0,0.0
288,x4_BX,0.0,0.0
85,x3_Tarpan,0.0,0.0
567,x4_Ghost,0.0,0.0
540,x4_G,0.0,0.0
10,x3_Alpine,0.0,0.0
541,x4_G3X Justy,0.0,0.0
91,x3_Uaz,0.0,0.0
1143,x4_Yukon,0.0,0.0
480,x4_Eighty - Eight,0.0,0.0
99,x4_100 NX,0.0,0.0
561,x4_Galloper,0.0,0.0
1153,x4_i-MiEV,0.0,0.0
96,x3_Wołga,0.0,0.0
481,x4_El Camino,0.0,0.0
1149,x4_altul,0.0,0.0
1150,x4_e,0.0,0.0
1130,x4_XTS,0.0,0.0
269,x4_Avantime,0.0,0.0
590,x4_H-1 Starex,0.0,0.0
537,x4_Frontier,0.0,0.0
1174,x5_Wodór,0.0,0.0
114,x4_145,0.0,0.0
542,x4_GAZ-21,0.0,0.0
244,x4_Almera Tino,0.0,0.0
102,x4_104,0.0,0.0
112,x4_1300,0.0,0.0
108,x4_124,0.0,0.0
212,x4_924,0.0,0.0
280,x4_B5,0.0,0.0
491,x4_Equinox,0.0,0.0
100,x4_1000,0.0,0.0
580,x4_Grand Santa Fe,0.0,0.0
211,x4_914,0.0,0.0
1121,x4_XJR,0.0,0.0
535,x4_Freestar,0.0,0.0
17,x3_Brilliance,0.0,0.0
203,x4_9-2X,0.0,0.0
70,x3_Pontiac,0.0,0.0
1126,x4_XLV,0.0,0.0
78,x3_Seres,0.0,0.0
1128,x4_XT5,0.0,0.0
1208,x10_Chorwacja,0.0,0.0
798,x4_Portofino,0.0,0.0
1090,x4_Wagoneer,0.0,0.0
939,x4_Seria 400,0.0,0.0
905,x4_SRX,0.0,0.0
710,x4_MKZ,0.0,0.0
899,x4_SLC,0.0,0.0
426,x4_Cube,0.0,0.0
364,x4_Capri,0.0,0.0
365,x4_Caprice,0.0,0.0
721,x4_Marquis,0.0,0.0
368,x4_Caravan,0.0,0.0
724,x4_Materia,0.0,0.0
884,x4_S1,0.0,0.0
727,x4_Maverick,0.0,0.0
371,x4_Carina,0.0,0.0
879,x4_Routan,0.0,0.0
728,x4_Maxima,0.0,0.0
876,x4_Rodius,0.0,0.0
423,x4_Crosswagon,0.0,0.0
874,x4_Riviera,0.0,0.0
906,x4_STS,0.0,0.0
907,x4_SVX,0.0,0.0
709,x4_MGF,0.0,0.0
925,x4_Scorpio,0.0,0.0
184,x4_600,0.0,0.0
933,x4_Seres 3,0.0,0.0
932,x4_Sequoia,0.0,0.0
931,x4_Sephia,0.0,0.0
929,x4_Sedona,0.0,0.0
347,x4_CRX,0.0,0.0
429,x4_D3,0.0,0.0
705,x4_MC,0.0,0.0
910,x4_Safari,0.0,0.0
922,x4_Scenic Conquest,0.0,0.0
706,x4_MDX,0.0,0.0
918,x4_Savana,0.0,0.0
917,x4_Santana,0.0,0.0
350,x4_CX,0.0,0.0
707,x4_MG,0.0,0.0
912,x4_Samara,0.0,0.0
734,x4_Mirai,0.0,0.0
871,x4_Ridgeline,0.0,0.0
868,x4_Rekord,0.0,0.0
397,x4_Comanche,0.0,0.0
763,x4_Nova,0.0,0.0
829,x4_QX,0.0,0.0
770,x4_Opirus,0.0,0.0
168,x4_45,0.0,0.0
169,x4_458 Italia,0.0,0.0
395,x4_Colorado,0.0,0.0
170,x4_469 B,0.0,0.0
779,x4_Palio,0.0,0.0
413,x4_Cougar,0.0,0.0
410,x4_Corrado,0.0,0.0
401,x4_Concerto,0.0,0.0
402,x4_Continental,0.0,0.0
794,x4_Pilot,0.0,0.0
797,x4_Pony,0.0,0.0
801,x4_Premacy,0.0,0.0
800,x4_Prelude,0.0,0.0
760,x4_Nitro,0.0,0.0
834,x4_QX80,0.0,0.0
866,x4_Rapide,0.0,0.0
742,x4_Monterey,0.0,0.0
865,x4_Ranger Raptor,0.0,0.0
738,x4_Model X,0.0,0.0
374,x4_Caro,0.0,0.0
859,x4_Ranchero,0.0,0.0
376,x4_Cavalier,0.0,0.0
380,x4_Celerio,0.0,0.0
418,x4_Crossfire,0.0,0.0
743,x4_Monza,0.0,0.0
758,x4_New Yorker,0.0,0.0
384,x4_Charade,0.0,0.0
849,x4_RL,0.0,0.0
745,x4_Multipla,0.0,0.0
180,x4_570S Coupe,0.0,0.0
178,x4_504,0.0,0.0
387,x4_Chevelle,0.0,0.0
840,x4_Quest,0.0,0.0
147,x4_300M,0.0,0.0
941,x4_Seria 500,0.0,0.0
1089,x4_Wagon R+,0.0,0.0
697,x4_M,0.0,0.0
449,x4_Dakota,0.0,0.0
448,x4_Daimler,0.0,0.0
646,x4_Kizashi,0.0,0.0
194,x4_718 Spyder,0.0,0.0
445,x4_DTS,0.0,0.0
136,x4_2106,0.0,0.0
438,x4_DS 4 Crossback,0.0,0.0
1022,x4_Titan,0.0,0.0
137,x4_2107,0.0,0.0
138,x4_2500,0.0,0.0
1016,x4_Tico,0.0,0.0
189,x4_69,0.0,0.0
662,x4_Kyron,0.0,0.0
1013,x4_Thema,0.0,0.0
665,x4_LJ,0.0,0.0
1011,x4_Testarossa,0.0,0.0
1008,x4_Terios,0.0,0.0
1037,x4_Trajet,0.0,0.0
310,x4_C-10,0.0,0.0
228,x4_A741,0.0,0.0
305,x4_Brava,0.0,0.0
599,x4_Honker,0.0,0.0
1083,x4_Volt,0.0,0.0
302,x4_Born,0.0,0.0
606,x4_ID.Buzz,0.0,0.0
1075,x4_Venza,0.0,0.0
611,x4_Idea,0.0,0.0
613,x4_Impala,0.0,0.0
1064,x4_V8 Vantage,0.0,0.0
1044,x4_Traverse,0.0,0.0
1063,x4_V8,0.0,0.0
621,x4_Intrepid,0.0,0.0
1058,x4_Urus,0.0,0.0
1056,x4_Uno,0.0,0.0
1053,x4_Twizy,0.0,0.0
1046,x4_Trevis,0.0,0.0
454,x4_Demio,0.0,0.0
667,x4_LT,0.0,0.0
186,x4_605,0.0,0.0
1005,x4_Taunus,0.0,0.0
689,x4_Ligier,0.0,0.0
431,x4_DB7,0.0,0.0
973,x4_Starlet,0.0,0.0
337,x4_CH26,0.0,0.0
968,x4_Spitfire,0.0,0.0
967,x4_Spider,0.0,0.0
688,x4_Liberty,0.0,0.0
339,x4_CJ,0.0,0.0
690,x4_Linea,0.0,0.0
433,x4_DBX,0.0,2.316428831725817e-05
693,x4_Logan Van,0.0,0.0
694,x4_Logo,0.0,0.0
956,x4_Silver Spirit,0.0,0.0
955,x4_Silver Shadow,0.0,0.0
953,x4_Sigma,0.0,0.0
242,x4_Allegro,0.0,0.0
946,x4_Seria 900,0.0,0.0
432,x4_DB9,0.0,0.0
978,x4_Stratus,0.0,0.0
434,x4_DS,0.0,0.0
992,x4_TL,0.0,0.0
321,x4_C3 Pluriel,0.0,0.0
185,x4_601,0.0,0.0
676,x4_Le Baron,0.0,0.0
677,x4_Le Mans,0.0,0.0
997,x4_TT RS,0.0,0.0
995,x4_TR7,0.0,0.0
994,x4_TR6,0.0,0.0
991,x4_TGE,0.0,0.0
979,x4_Stream,0.0,0.0
990,x4_TF,0.0,0.0
140,x4_280 ZX,0.0,0.0
986,x4_Swace,0.0,0.0
329,x4_C40,0.0,0.0
333,x4_C6,0.0,0.0
983,x4_Sunny,0.0,0.0
980,x4_Streetka,0.0,0.0
190,x4_695,0.0,0.0
